{"data":{"125.39.132.162":11.185546875,"192.168.2.107":6.55078125,"47.112.175.110":2.3837890625,"220.194.95.147":0.5029296875,"118.178.135.232":0.15234375,"203.119.169.76":0.111328125,"128.16.39.218":0.08984375,"101.71.154.241":0.064453125,"54.222.174.10":0.064453125,"220.194.95.218":0.052734375,"128.16.39.217":0.044921875,"128.16.39.216":0.044921875}}