{"data":{"192.168.2.114":205.16796875,"139.226.172.210":101.41015625,"125.39.132.162":44.955078125,"220.194.95.221":16.701171875,"116.117.158.59":7.6943359375,"192.168.2.1":6.2470703125,"118.24.22.191":5.103515625,"58.251.112.224":3.8876953125,"123.126.122.47":2.263671875,"118.178.135.232":1.38671875,"192.168.2.112":1.052734375,"54.222.174.10":0.78515625,"40.90.189.152":0.2197265625,"113.96.230.230":0.140625}}