{"data":{"220.194.95.218":1362.474609375,"192.168.2.107":260.8837890625,"125.39.45.60":232.8466796875,"116.114.96.35":85.2646484375,"220.194.91.93":56.4541015625,"168.63.202.111":30.833984375,"58.251.116.151":29.0400390625,"40.81.91.45":27.0361328125,"40.90.23.206":25.5703125,"47.100.127.239":24.4443359375,"59.111.179.214":20.7255859375,"193.112.159.225":15.7119140625,"123.6.4.63":12.0576171875,"220.194.111.178":10.7724609375,"157.255.192.39":7.2998046875,"59.111.239.62":6.5478515625,"59.111.239.61":6.2529296875,"192.168.2.1":5.2060546875,"223.252.199.69":4.783203125,"52.139.168.125":4.5166015625,"58.247.214.101":4.408203125,"140.82.112.26":3.591796875,"52.80.149.190":3.076171875,"118.178.135.232":2.8125,"45.254.48.1":2.7861328125,"101.71.154.241":2.5595703125,"192.168.2.101":1.8583984375,"40.119.211.203":1.8193359375,"13.107.6.158":1.1943359375,"52.139.250.253":1.1083984375,"124.108.103.104":1.02734375,"203.119.169.227":0.7919921875,"0.0.0.0":0.66796875,"192.168.2.105":0.5078125,"113.96.12.129":0.2548828125,"58.251.121.55":0.14453125,"192.168.0.1":0.126953125,"204.79.197.222":0.052734375,"13.107.54.254":0.052734375,"13.107.246.254":0.052734375,"102.133.79.249":0.052734375,"13.107.3.254":0.052734375,"13.107.18.254":0.052734375,"13.107.136.254":0.052734375,"13.107.4.254":0.052734375,"204.79.197.254":0.052734375}}