{"data":{"139.226.172.190":17.2529296875,"192.168.43.12":7.6650390625,"183.232.93.22":2.67578125,"128.24.39.245":1.119140625,"128.24.39.247":1.0185546875,"120.241.186.91":0.888671875,"128.24.39.139":0.5595703125,"160.18.255.255":0.421875,"128.24.39.242":0.373046875,"118.178.135.232":0.3125,"183.220.199.249":0.193359375,"192.168.43.1":0.103515625,"223.252.199.69":0.076171875,"112.13.122.1":0.064453125,"218.201.36.35":0.064453125,"52.80.12.51":0.064453125,"128.16.39.139":0.044921875,"128.16.39.244":0.044921875,"128.16.39.243":0.044921875,"80.4.0.0":0.033203125}}