{"data":{"192.168.2.107":1.146484375,"192.168.2.105":0.54296875,"192.168.2.1":0.5380859375}}