{"data":{"192.168.43.12":0.5009765625,"103.41.167.214":0.23046875,"118.178.135.232":0.076171875,"168.63.153.205":0.064453125,"112.45.120.14":0.052734375}}