{"data":{"fe80:0:0:0:1c52:82f9:33b9:1811":1.365234375,"fe80:0:0:0:aa0c:63ff:fedb:6b98":0.380859375,"a8:0c:63:db:6b:98":0.369140625,"0:0:0:0:0:0:0:0":0.251953125,"b0:df:c1:06:ae:a0":0.205078125,"d0:c6:37:3e:7a:fb":0.1640625}}