{"data":{"fe80:0:0:0:1491:5a35:7462:6526":0.5859375,"fe80:0:0:0:38c7:2cab:c387:36cf":0.517578125,"0:0:0:0:0:0:0:0":0.17578125,"0:0:0:0:0:0:0:1":0.095703125}}