{"data":{"TCP":0.9647887323943662,"IPv4":0.028169014084507043,"ARP":0.007042253521126761}}