{"data":{"UDP":0.1875,"TCP":0.6420454545454546,"IPv4":0.13636363636363635,"ARP":0.03409090909090909}}