{"data":{"UDP":0.3056084656084656,"TCP":0.6694179894179895,"IPv6":0.002962962962962963,"IPv4":2.1164021164021165E-4,"ARP":0.0217989417989418}}