{"data":{"139.226.172.210":226.396484375,"192.168.2.107":95.7197265625,"192.168.2.1":1.2998046875,"111.161.107.182":0.578125,"118.178.135.232":0.15234375,"220.194.95.221":0.052734375}}