{"data":{"TCP":0.9661266568483063,"UDP":0.033873343151693665}}