{"data":{"47.112.175.110":361.755859375,"192.168.43.12":219.5166015625,"52.139.168.125":13.541015625,"13.107.246.10":9.23828125,"129.227.66.139":2.95703125,"192.168.43.1":2.5390625,"118.178.135.232":0.65234375,"54.223.123.64":0.56640625,"40.90.189.152":0.2265625,"58.251.112.222":0.1220703125,"192.168.43.239":0.0771484375}}