{"data":{"22:f7:7c:e1:cc:27":0.205078125,"d0:c6:37:3e:7a:fb":0.205078125,"fe80:0:0:0:1c52:82f9:33b9:1811":0.0966796875}}