{"data":{"TCP":0.8783031988873435,"UDP":0.09735744089012517,"IPv6":0.011821974965229486,"ARP":0.012517385257301807}}