{"data":{"TCP":0.9679738562091503,"UDP":0.02483660130718954,"IPv6":6.5359477124183E-4,"ARP":0.006535947712418301}}